{"cameraMode":{"drawMode":0,"name":"Shaded","section":"Shading Mode"},"sceneLighting":false,"audioPlay":false,"sceneViewState":{"showFog":true,"showMaterialUpdate":false,"showSkybox":true,"showFlares":true,"showImageEffects":true,"showParticleSystems":true},"in2DMode":false,"pivot":{"x":8.804597854614258,"y":0.8343665599822998,"z":-0.03325545787811279},"rotation":{"x":-0.06774598360061646,"y":-0.018858958035707475,"z":0.0012802786659449339,"w":-0.9975265860557556},"size":4.695804595947266,"orthographic":false}