{"cameraMode":{"drawMode":0,"name":"Shaded","section":"Shading Mode"},"sceneLighting":false,"audioPlay":false,"sceneViewState":{"showFog":true,"showMaterialUpdate":false,"showSkybox":true,"showFlares":true,"showImageEffects":true,"showParticleSystems":true},"in2DMode":false,"pivot":{"x":5.606781959533691,"y":0.590858519077301,"z":-0.035637352615594867},"rotation":{"x":0.03566436097025871,"y":0.03207077085971832,"z":0.0011445918353274465,"w":-0.9988514184951782},"size":2.3957273960113527,"orthographic":false}